Structure,Binding Site 000,Binding Site 001,Binding Site 002,Binding Site 003,Binding Site 004,Binding Site 005,Binding Site 006,Binding Site 007,Binding Site 008,Binding Site 009,Binding Site 010,Binding Site 011,Binding Site 012,Binding Site 013
1DV9.A,6,14,10,0,0,0,0,7,0,6,4,0,0,11
1BEB.B,19,0,23,23,2,0,1,14,0,8,8,0,14,6
3PH5.B,23,1,15,15,0,0,5,14,0,7,0,0,0,6
7KOT.A,26,15,0,2,3,0,7,10,0,2,0,0,0,5
4Y0S.A,14,14,0,0,16,0,0,8,0,4,0,0,0,4
1BSQ.A,30,1,4,20,2,0,0,7,1,7,0,0,0,3
6FXB.A,24,1,6,20,0,2,0,14,0,7,0,0,0,3
6GF9.A,15,16,0,0,4,0,2,10,0,5,0,0,0,3
5HTD.A,23,11,0,0,11,0,3,5,0,4,0,0,0,3
2AKQ.B,22,0,14,11,0,0,0,19,0,0,0,0,0,3
1YUP.D,12,0,17,19,2,2,0,12,1,0,3,0,8,2
6NKQ.B,19,1,4,14,5,0,0,11,3,0,0,0,5,2
4TLJ.A,19,9,18,7,0,5,11,5,0,7,1,0,2,2
4TLJ.B,18,0,0,27,0,0,8,7,17,9,0,0,1,2
3NPO.A,13,15,18,0,16,0,0,3,0,10,1,0,0,2
3PH6.B,22,1,15,15,0,0,2,13,0,11,0,0,0,2
1B0O.A,19,15,2,0,3,0,17,2,0,6,1,0,4,1
2Q2P.A,14,15,17,16,0,2,0,13,1,0,0,1,0,1
1BEB.A,11,7,12,15,2,0,5,11,0,0,3,0,0,1
5Y5C.B,6,15,7,9,14,0,0,3,0,4,1,0,0,1
6RYT.A,21,17,2,0,5,14,2,15,0,8,0,0,0,1
4OMX.A,19,1,18,17,3,0,0,4,2,6,0,0,0,1
6RWP.A,23,15,0,7,18,0,5,3,2,5,0,0,0,1
5NUJ.A,4,16,4,0,16,0,2,4,0,2,0,0,0,1
6NKQ.E,19,0,11,14,4,0,11,13,0,0,0,0,0,1
4LZU.A,8,0,9,15,0,8,1,8,1,6,0,0,11,0
2R56.A,12,13,8,12,7,0,0,0,0,0,0,0,6,0
1UZ2.X,0,13,14,18,0,18,0,4,0,0,1,14,4,0
4CK4.A,14,0,2,13,0,0,21,6,0,12,0,0,4,0
3UEW.A,20,18,0,0,11,0,10,0,0,4,0,0,3,0
2R56.B,15,19,7,8,8,0,1,0,0,0,0,0,3,0
4NLJ.B,0,2,17,17,3,25,13,15,0,9,1,0,2,0
1YUP.F,25,0,18,19,0,11,1,0,0,3,1,0,2,0
4DQ4.A,25,23,2,4,4,0,13,0,0,0,0,0,2,0
4CK4.B,18,0,9,13,0,0,14,0,0,4,6,0,1,0
3UEX.A,23,23,5,0,8,0,5,0,0,0,1,0,1,0
4Y0R.A,19,13,0,0,16,0,11,0,0,6,0,0,1,0
4GNY.A,25,14,0,4,6,0,6,0,0,6,0,0,1,0
5LKE.A,18,15,0,0,8,6,9,0,0,5,0,0,1,0
6FXB.B,18,0,16,6,2,8,11,2,0,4,0,0,1,0
4KII.A,24,18,0,0,18,0,5,0,0,2,0,0,1,0
1GX8.A,17,15,0,0,4,0,9,0,0,0,0,0,1,0
6GHH.A,17,15,2,0,7,0,6,0,0,0,0,0,1,0
1GXA.A,25,24,2,0,4,0,5,0,0,0,0,0,1,0
5HTE.A,23,11,5,13,0,17,0,15,0,0,0,12,0,0
1QG5.A,14,12,17,18,0,20,0,7,0,0,3,2,0,0
1YUP.H,3,0,14,14,2,11,0,0,17,4,17,0,0,0
1YUP.E,20,0,13,12,6,0,0,1,16,7,14,0,0,0
2Q39.A,7,15,33,29,4,0,3,7,0,6,13,0,0,0
1YUP.C,19,0,11,24,4,0,0,2,1,6,7,0,0,0
4NLJ.A,4,0,6,16,3,0,13,4,0,7,6,0,0,0
6NKQ.F,16,0,15,11,9,0,13,2,0,4,6,0,0,0
1YUP.B,17,0,15,21,0,0,0,8,0,4,4,0,0,0
5Y5C.A,20,24,15,17,0,0,0,0,0,0,4,0,0,0
6FXB.C,25,2,14,5,7,10,0,0,3,11,3,0,0,0
6NKQ.D,21,1,12,13,6,0,15,1,0,7,3,0,0,0
2AKQ.A,19,0,11,17,0,0,0,11,0,0,3,0,0,0
1BSY.A,9,13,10,0,16,0,3,0,0,4,2,0,0,0
6RYT.B,19,11,15,16,5,0,0,17,0,0,2,0,0,0
1B8E.A,19,11,20,14,0,18,0,4,0,0,2,0,0,0
2Q39.B,4,16,16,16,13,0,0,4,0,0,2,0,0,0
4IB6.A,29,17,8,0,8,0,5,0,0,7,1,0,0,0
4IB8.A,22,18,11,1,17,0,0,0,0,7,1,0,0,0
1CJ5.A,15,0,11,28,3,0,0,15,0,5,1,0,0,0
5IO6.A,3,15,6,0,11,0,15,0,0,3,1,0,0,0
4OMW.B,17,15,25,0,6,0,0,0,0,3,1,0,0,0
2AKQ.C,22,3,16,13,0,12,0,15,0,0,1,0,0,0
6NKQ.C,22,0,4,16,22,0,15,7,0,0,1,0,0,0
2Q2M.A,17,7,21,15,0,17,0,4,0,0,1,0,0,0
1YUP.G,19,8,12,0,16,0,4,2,0,12,0,0,0,0
5IO5.A,15,24,0,0,21,0,2,0,0,10,0,0,0,0
1YUP.A,2,1,14,13,19,0,8,0,3,9,0,0,0,0
2BLG.A,19,20,12,0,8,0,5,0,0,9,0,0,0,0
6QPD.A,24,23,4,0,20,0,4,0,0,9,0,0,0,0
4LZV.A,8,0,5,15,0,19,2,8,1,8,0,0,0,0
6QI7.A,17,27,2,0,0,0,7,1,0,8,0,0,0,0
4OMW.C,21,0,16,14,0,0,9,0,0,8,0,0,0,0
6RWR.A,22,14,0,0,17,0,3,0,0,8,0,0,0,0
5K06.A,4,11,15,14,2,0,0,15,0,7,0,0,0,0
3BLG.A,33,1,10,0,0,6,14,3,0,7,0,0,0,0
6QI6.A,20,23,4,0,16,0,9,0,0,7,0,0,0,0
3UEV.A,20,17,3,0,16,0,4,0,0,7,0,0,0,0
1BSO.A,21,14,5,0,16,0,3,0,0,7,0,0,0,0
5IO7.A,26,17,3,0,16,0,2,0,0,7,0,0,0,0
3NQ9.A,14,28,11,0,18,0,0,0,0,7,0,0,0,0
6QPE.A,24,17,0,0,16,0,0,3,0,6,0,0,0,0
4IBA.A,31,11,10,0,7,0,11,0,0,6,0,0,0,0
4IB7.A,19,14,6,0,13,0,5,0,0,6,0,0,0,0
6FXB.D,20,1,11,12,0,9,0,0,0,6,0,0,0,0
5NUN.A,21,22,2,0,17,0,0,0,0,6,0,0,0,0
4OMW.A,17,1,20,20,0,5,0,0,0,5,0,0,0,0
6RWQ.A,23,21,3,0,16,0,0,0,0,5,0,0,0,0
4IB9.A,25,13,0,17,15,0,0,0,0,5,0,0,0,0
3PH5.A,21,0,11,15,0,0,6,0,0,4,0,0,0,0
5NUM.A,18,20,2,10,17,0,0,0,0,4,0,0,0,0
6GE7.A,18,22,0,0,8,0,2,2,0,3,0,0,0,0
4OMW.D,18,0,17,10,3,0,10,0,0,3,0,0,0,0
4NLI.A,20,0,14,15,0,0,7,0,0,3,0,0,0,0
4DQ3.A,25,10,2,7,15,0,0,0,0,3,0,0,0,0
6NKQ.A,22,0,4,21,0,0,10,3,0,2,0,0,0,0
3PH6.A,21,0,12,26,0,0,6,1,0,2,0,0,0,0
6GFS.A,25,22,0,5,9,0,2,0,0,2,0,0,0,0
3UEU.A,20,22,0,14,13,0,0,0,0,2,0,0,0,0
2AKQ.D,23,0,12,12,8,6,4,13,0,0,0,0,0,0
4Y0Q.A,25,21,0,0,15,0,3,0,0,0,0,0,0,0
4Y0P.A,24,11,9,0,16,0,0,0,0,0,0,0,0,0
5NUK.A,24,14,2,6,15,0,0,0,0,0,0,0,0,0
5LKF.A,17,25,16,0,15,0,0,0,0,0,0,0,0,0
3NQ3.A,17,15,4,14,13,0,0,0,0,0,0,0,0,0
2GJ5.A,23,19,0,5,8,0,0,0,0,0,0,0,0,0
1GX9.A,29,33,0,0,5,0,0,0,0,0,0,0,0,0